20140429,26.360001,26.66,26.35,26.48,22146000
20140430,26.32,26.700001,26.219999,26.690001,25863900
20140501,26.51,26.67,26.389999,26.450001,19755200
20140502,26.559999,26.639999,26.4,26.41,24235200
20140505,26.16,26.26,25.99,26.17,20738900
20140506,26.16,26.379999,26,26.200001,21818000
20140507,26.26,26.450001,26.219999,26.370001,24692800
20140508,26.32,26.530001,26.219999,26.34,24166900
20140509,26.370001,26.41,26.219999,26.299999,20324400
20140512,26.41,26.540001,26.299999,26.370001,20607800
20140513,26.49,26.540001,26.33,26.450001,20525000
20140514,26.49,26.52,26.33,26.33,17811900
20140515,26.33,26.5,26.01,26.01,31752700
20140516,26.049999,26.07,25.74,25.82,30017200
20140519,25.75,26.09,25.75,26.040001,22679600
20140520,26.02,26.17,25.879999,26.040001,22292600
20140521,26.1,26.25,26,26.200001,18721300
20140522,26.209999,26.27,26.08,26.15,15926500
20140523,26.15,26.299999,26.139999,26.290001,17172200
20140527,26.33,26.74,26.18,26.709999,27271900
20140528,26.700001,26.940001,26.66,26.879999,27150100
20140529,26.91,26.959999,26.719999,26.959999,20638900
20140530,26.940001,27.32,26.93,27.32,43641000
20140602,27.309999,27.35,27.120001,27.26,20264900
20140603,27.219999,27.700001,27.120001,27.66,33256300
20140604,27.51,27.76,27.5,27.6,21612500
20140605,27.559999,27.66,27.43,27.66,26546200
20140606,27.780001,28.209999,27.73,28.17,34795600
20140609,28.1,28.42,27.83,27.91,39933000
20140610,27.85,28.33,27.719999,28.24,34256900
20140611,28.139999,28.209999,27.799999,27.93,27747700
20140612,27.860001,28.1,27.77,27.959999,31211400
20140613,29.75,30.059999,29.559999,29.870001,122194300
20140616,29.719999,30.15,29.67,30.01,36407800
20140617,29.879999,30.1,29.84,29.950001,28440600
20140618,29.879999,29.98,29.67,29.93,34412300
20140619,29.969999,30.09,29.889999,30.09,27166600
20140620,30.07,30.200001,30.030001,30.200001,39826400
20140623,30.1,30.309999,29.85,30.23,26528900
20140624,30.16,30.83,30.09,30.5,53397600
20140625,30.48,31,30.450001,30.879999,44293300
20140626,30.809999,30.9,30.610001,30.780001,26722300
20140627,30.870001,31,30.700001,30.93,30776300
20140630,30.870001,31,30.66,30.9,21558400
20140701,30.99,31.09,30.870001,30.98,28240000
20140702,30.99,31.049999,30.799999,30.98,16831200
20140703,31.08,31.360001,31.02,31.139999,20437600
20140707,31.09,31.200001,30.92,31.030001,22233400
20140708,31,31.08,30.700001,30.790001,37608700
20140709,30.84,30.98,30.690001,30.889999,28302400
20140710,30.6,31.33,30.440001,31.26,32455100
20140711,31.26,31.450001,31.040001,31.25,20045000
20140714,31.41,31.58,31.34,31.49,24244600
20140715,31.58,31.799999,31.16,31.709999,61006100
20140716,33.310001,34.740002,33.209999,34.650002,135834600
20140717,34.200001,34.360001,33.630001,33.700001,70591100
20140718,33.799999,33.84,33.389999,33.700001,46528800
20140721,33.549999,34.23,33.540001,34.060001,32097200
20140722,34.16,34.830002,34.07,34.790001,42915100
20140723,34.68,34.709999,34.299999,34.5,26077000
20140724,34.380001,34.669998,34.099998,34.25,33180400
20140725,34.150002,34.369999,33.93,34.25,31614000
20140728,34.23,34.32,33.880001,34.23,30972200
20140729,34.27,34.369999,34.09,34.189999,26141700
20140730,34.310001,34.57,34.040001,34.349998,32782800
20140731,34.09,34.25,33.810001,33.889999,35431200
20140801,33.75,34.029999,33.610001,33.740002,33472400
20140804,33.790001,34.09,33.549999,34.049999,27250100
20140805,33.759998,33.779999,32.599998,32.82,49845100
20140806,32.599998,33.189999,32.389999,32.849998,27923900
20140807,32.93,33.150002,32.540001,32.68,27820100
20140808,32.779999,33,32.540001,32.599998,35484000
20140811,32.82,33.240002,32.810001,33.02,27718600
20140812,32.91,33.150002,32.68,33.130001,24805600
20140813,33.240002,34.150002,33.23,34.099998,36291000
20140814,34.049999,34.23,33.740002,33.939999,25458000
20140815,34.099998,34.209999,33.709999,34.169998,28577600
20140818,34.259998,34.470001,33.98,34.41,27232200
20140819,34.5,34.5,34.25,34.34,29281900
20140820,34.23,34.509998,34.18,34.5,27140300
20140821,34.459999,35.189999,34.450001,35.150002,37164900
20140822,35.200001,35.200001,34.91,34.939999,21196700
20140825,35.09,35.150002,34.650002,34.810001,18614500
20140826,34.790001,35.049999,34.689999,34.799999,19664700
20140827,34.889999,34.939999,34.630001,34.790001,17168900
20140828,34.610001,34.810001,34.610001,34.650002,18908900
20140829,34.810001,34.939999,34.669998,34.919998,32302800
20140902,34.759998,34.91,34.43,34.57,32094800
20140903,34.82,34.880001,34.450001,34.57,26668800
20140904,34.529999,35.09,34.52,34.91,27632400
20140905,34.919998,35.119999,34.830002,35,20841900
20140908,34.959999,35.560001,34.880001,35.330002,24859600
20140909,35.290001,35.290001,34.849998,34.91,22333100
20140910,34.849998,35.130001,34.669998,35.02,19964200
20140911,34.790001,35.02,34.529999,35.02,21949000
20140912,34.900002,34.91,34.5,34.619999,26732600
20140915,34.709999,34.77,34.23,34.540001,22438000
20140916,34.470001,35.080002,34.470001,34.93,20875700
20140917,34.91,35.200001,34.740002,34.98,26278900
20140918,35.119999,35.169998,34.860001,35.169998,23809600
20140919,35.16,35.220001,34.82,34.82,46851900
20140922,34.779999,35.029999,34.549999,34.709999,25447700
20140923,34.709999,34.709999,34.380001,34.419998,25690700
20140924,34.400002,34.849998,34.369999,34.75,18829000
20140925,34.68,34.790001,33.880001,34.139999,34639700
20140926,34.259998,34.360001,33.630001,34.259998,25882300
20140929,34.060001,34.990002,33.939999,34.900002,29003100
20140930,34.900002,35,34.41,34.82,35274600
20141001,34.610001,34.779999,33.84,33.990002,35086600
20141002,33.959999,34,33.259998,33.52,32910800
20141003,33.66,34.18,33.470001,34.029999,25834600
20141006,34.150002,34.48,33.869999,34.110001,24321100
20141007,34.040001,34.049999,33.419998,33.470001,25972100
20141008,33.490002,34.369999,33.139999,34.27,34960600
20141009,34.150002,34.43,33.580002,33.619999,28185700
20141010,32.619999,32.860001,30.5,31.91,80917600
20141013,31.719999,32.369999,31.469999,31.469999,42110200
20141014,31.99,32.669998,31.709999,32.139999,68671000
20141015,30.540001,31.65,29.65,31.280001,92305200
20141016,30.889999,31.51,30.75,30.85,47787400
20141017,31.200001,31.709999,30.969999,31.379999,37504500
20141020,31.040001,31.700001,30.9,31.58,30523700
20141021,31.67,32.619999,31.58,32.610001,33278400
20141022,32.66,32.869999,32.220001,32.27,26725600
20141023,32.720001,32.91,32.599998,32.689999,22254900
20141024,32.720001,33.330002,32.57,33.18,27814300
20141027,33.080002,33.299999,32.77,33.200001,23751900
20141028,33.23,33.75,33.23,33.740002,21857800
20141029,33.759998,33.970001,33.509998,33.919998,24615200
20141030,33.580002,33.610001,32.400002,32.580002,55217900
20141031,33.740002,34.009998,32.630001,34.009998,52089700
20141103,33.810001,34.48,33.790001,34.310001,28703600
20141104,34.25,34.779999,34.209999,34.540001,34695900
20141105,34.049999,34.099998,33.599998,33.759998,34705500
20141106,33.689999,34.23,33.41,33.82,25240600
20141107,33.98,34,33.189999,33.580002,27604500
20141110,33.43,33.490002,33.080002,33.259998,30653600
20141111,33.360001,33.540001,33.200001,33.310001,19676600
20141112,33.23,33.419998,33,33.380001,22864200
20141113,33.349998,33.860001,33.34,33.68,26449300
20141114,33.75,33.970001,33.349998,33.950001,18104600
20141117,33.82,34.25,33.759998,34.240002,17646300
20141118,34.189999,34.900002,34.16,34.709999,30674800
20141119,34.689999,34.790001,34.25,34.349998,21289600
20141120,34.139999,35.970001,34,35.950001,61994700
20141121,35.98,36.459999,35.5,35.59,56721600
20141124,35.889999,36.43,35.84,36.25,33321100
20141125,36.360001,36.48,36.150002,36.32,29093200
20141126,36.369999,36.990002,36.279999,36.900002,24060000
20141128,37.040001,37.689999,36.939999,37.25,19128500
20141201,37.209999,37.619999,36.900002,37.169998,30904000
20141202,37.18,37.599998,37.18,37.599998,28361100
20141203,37.68,37.889999,37.41,37.43,30660800
20141204,37.400002,37.459999,37.040001,37.459999,23359100
20141205,37.57,37.900002,37.52,37.669998,20527600
20141208,37.459999,37.73,36.939999,37.200001,28134800
20141209,36.669998,37.09,36.299999,36.889999,28487300
20141210,36.93,37.02,36.299999,36.419998,27499900
20141211,36.5,37.209999,36.439999,36.700001,25088200
20141212,36.450001,36.82,36.220001,36.23,29322500
20141215,36.389999,36.779999,35.900002,35.919998,30633400
20141216,35.860001,36.5,35.560001,35.560001,31166300
20141217,35.619999,36.330002,35.330002,36.240002,31637700
20141218,36.75,37.02,36.43,37.02,32128100
20141219,37.02,37.16,36.23,36.369999,76786800
20141222,36.389999,37.259998,36.389999,37.209999,29227100
20141223,37.400002,37.700001,37.299999,37.43,22169700
20141224,37.470001,37.599998,37.18,37.439999,12109100
20141226,37.52,37.740002,37.52,37.549999,14037200
20141229,37.450001,37.52,37.169998,37.18,12203300
20141230,37.080002,37.189999,36.759998,36.759998,15214100
20141231,36.630001,37.040001,36.290001,36.290001,20393600
20150102,36.669998,37.16,36.110001,36.360001,23605600
20150105,36.200001,36.450001,35.939999,35.950001,32785000
20150106,36.080002,36.23,35.259998,35.279999,30847600
20150107,35.639999,36.07,35.27,36.02,27725200
20150108,36.369999,37,36.259998,36.689999,31765400
20150109,36.77,37.110001,36.400002,36.759998,22846000
20150112,36.900002,37,36.23,36.599998,29400800
20150113,36.869999,37.490002,36.290001,36.5,31478000
20150114,36.330002,36.91,35.91,36.349998,34250300
20150115,36.529999,36.880001,36.029999,36.189999,47181800
20150116,36.119999,36.66,35.509998,36.450001,62812200
20150120,36.099998,36.459999,35.57,36.09,35111400
20150121,35.849998,36.68,35.77,36.48,27442600
20150122,36.560001,37,36.139999,36.91,31809900
20150123,36.959999,37.029999,36.380001,36.450001,27368900
20150126,36.189999,36.299999,35.57,35.810001,30906800
20150127,34.400002,34.720001,33.549999,34.189999,58456200
20150128,34.470001,34.700001,33.720001,33.779999,34929100
20150129,33.84,34.279999,33.459999,34.209999,29569400
20150130,33.700001,33.990002,33,33.040001,38719700
20150202,33.060001,33.75,32.650002,33.650002,38733800
20150203,33.779999,34.049999,32.610001,33.700001,35981900
20150204,33.669998,33.84,33.299999,33.599998,25052800
20150205,33.68,33.990002,33.450001,33.939999,20491400
20150206,33.919998,34,33.139999,33.299999,29124600
20150209,33,33.240002,32.669998,32.93,28705500
20150210,33.200001,33.73,33.049999,33.700001,20200000
20150211,33.669998,33.759998,33.32,33.549999,18364200
20150212,33.98,34.130001,33.759998,34.130001,20056700
20150213,34.25,34.369999,33.950001,34.360001,18037900
20150217,34.400002,34.75,34.259998,34.740002,19374100
20150218,34.650002,34.709999,34.189999,34.27,19963000
20150219,34.25,34.419998,34.049999,34.209999,11017500
20150220,34.150002,34.57,33.91,34.41,20955600
20150223,34.400002,34.5,33.580002,33.759998,25565500
20150224,33.610001,34.490002,33.509998,34.41,29417500
20150225,34.029999,34.150002,33.73,33.950001,24686300
20150226,33.619999,33.880001,33.43,33.650002,25928400
20150227,33.630001,33.639999,33.209999,33.25,24427300
20150302,33.290001,34.130001,33.119999,34.060001,25406400
20150303,33.950001,34.380001,33.91,34.099998,27332000
20150304,33.860001,34.41,33.720001,34.119999,22765600
20150305,34.259998,34.5,33.59,33.73,21225800
20150306,33.540001,33.68,33.080002,33.189999,32373100
20150309,33.200001,33.27,32.48,32.720001,33058800
20150310,32.240002,32.41,31.5,31.700001,49854600
20150311,31.969999,32.959999,31.950001,32.330002,49683600
20150312,31.01,31.6,30.58,30.799999,107402400
20150313,30.629999,30.98,30.360001,30.93,47954700
20150316,30.93,31.110001,30.65,30.83,33074600
20150317,30.58,30.73,30.41,30.59,29196300
20150318,30.41,31.200001,30.299999,30.889999,39792500
20150319,30.780001,31.1,30.690001,30.74,27414200
20150320,30.99,31.620001,30.93,31.309999,64777100
20150323,31.290001,31.790001,31.200001,31.200001,29532600
20150324,31.16,31.32,30.74,30.790001,28471400
20150325,30.809999,30.889999,29.860001,29.889999,37691000
20150326,29.5,30.4,29.309999,30.08,45450100
20150327,30.01,33,29.85,32,72885700
20150330,31.66,32.099998,31.299999,31.459999,51391500
20150331,31.43,31.93,31.200001,31.27,32098500
20150401,31.129999,31.32,30.65,30.809999,31267000
20150402,30.799999,31.23,30.67,30.809999,20909600
20150406,30.809999,31.25,30.450001,31.040001,21490900
20150407,31.07,31.59,31,31.26,23258300
20150408,31.23,31.559999,31.059999,31.309999,18250300
20150409,30.68,31.620001,30.57,31.24,34167600
20150410,31.33,31.940001,31.33,31.93,28084900
20150413,31.809999,32.049999,31.709999,31.73,23489000
20150414,31.68,31.940001,31.27,31.49,37497500
20150415,32.259998,32.990002,32.07,32.830002,61083500
20150416,32.849998,32.990002,32.700001,32.869999,28903200
20150417,32.509998,32.700001,32.220001,32.470001,30593600
20150420,32.610001,32.790001,32.529999,32.73,20568700
20150421,32.93,32.970001,32.279999,32.43,19023800
20150422,32.41,32.720001,32.029999,32.700001,21144200
20150423,32.040001,32.41,32.009998,32.349998,23775300
20150424,32.41,32.48,32.02,32.080002,22759900
20150427,32.080002,32.689999,32.080002,32.5,25869600
20150428,32.299999,33.040001,32.23,33.02,29572800
20150429,32.560001,33,32.549999,32.889999,21819000
20150430,32.709999,32.849998,32.299999,32.549999,22013300
20150501,32.630001,33.490002,32.619999,33.419998,27091200
20150504,33.27,33.5,33.220001,33.43,21397300
20150505,33,33.099998,32.57,32.639999,29779200
20150506,32.5,32.790001,31.93,32.220001,31985400
20150507,32.27,32.630001,32.18,32.240002,21475300
20150508,32.509998,32.880001,32.34,32.799999,26926500
20150511,32.68,32.709999,32.43,32.689999,18358600
20150512,32.439999,32.5,32,32.25,24530200
20150513,32.27,32.900002,32.27,32.639999,20470800
20150514,32.860001,33.130001,32.77,32.970001,21098900
20150515,33.09,33.119999,32.75,32.990002,17149700
20150518,32.98,33.41,32.849998,33.41,23571300
20150519,33.360001,33.380001,32.990002,33.150002,21867100
20150520,33.060001,33.5,33.009998,33.369999,21359800
20150521,33.209999,33.560001,33.07,33.549999,21269800
20150522,33.470001,33.509998,33.32,33.450001,20845000
20150526,33.27,33.290001,32.84,33.099998,28594500
20150527,33.200001,33.849998,33.130001,33.709999,30172700
20150528,33.740002,34.150002,33.68,34.009998,27065700
20150529,34.240002,34.75,34.209999,34.459999,43231700
20150601,34.369999,34.59,33.68,33.91,46734500
20150602,33.639999,33.75,33.139999,33.27,36211700
20150603,33.169998,33.240002,32.59,32.73,38138700
20150604,32.509998,32.720001,32.200001,32.310001,33761800
20150605,32.279999,32.299999,31.83,31.84,27778500
20150608,31.809999,31.950001,31.209999,31.299999,38032000
20150609,31.33,31.66,31.15,31.25,33976700
20150610,31.459999,32.16,31.370001,31.82,33336800
20150611,31.950001,32.099998,31.84,31.85,24293600
20150612,31.719999,32.099998,31.200001,31.32,31629800
20150615,31.120001,31.51,30.940001,31.389999,23175000
20150616,31.26,31.76,31.129999,31.639999,20254500
20150617,31.75,32.09,31.690001,31.950001,28194200
20150618,32.080002,32.5,32,32.380001,27722400
20150619,32.400002,32.57,31.959999,32.07,39008400
20150622,32.259998,32.389999,32.080002,32.259998,23608400
20150623,32.310001,32.34,31.93,32.09,17995900
20150624,32.150002,32.150002,31.879999,31.91,23313900
20150625,32.02,32.32,31.99,31.99,22743300
20150626,31.51,31.530001,30.76,31.02,62157200
20150629,30.700001,30.98,30.309999,30.389999,35194500
20150630,30.629999,30.690001,30.15,30.42,34412200
20150701,30.49,30.549999,30.01,30.18,27178900
20150702,30.18,30.92,30.1,30.559999,27105200
20150706,30.24,30.450001,29.84,30.040001,32468100
20150707,29.870001,29.93,29.09,29.9,43833700
20150708,29.4,29.67,29.15,29.5,45223800
20150709,29.719999,29.889999,28.82,28.93,47167800
20150710,29.200001,29.35,28.940001,29.17,31423800
20150713,29.27,29.82,29.190001,29.73,26452400
20150714,29.66,30.110001,29.440001,29.65,39778300
20150715,29.65,29.99,29.469999,29.690001,47852500
20150716,30.469999,30.48,29.1,29.9,81166700
20150717,29.66,29.799999,29.1,29.469999,43697600
20150720,29.620001,29.620001,29.07,29.1,33812900
20150721,28.959999,29.26,28.67,28.719999,45191000
20150722,28.57,28.85,28.43,28.610001,36387200
20150723,28.66,28.969999,28.43,28.6,33775200
20150724,28.530001,28.639999,28.059999,28.059999,31621000
20150727,28.07,28.42,27.620001,28.35,42161100
20150728,28.51,29.18,28.440001,28.959999,33182400
20150729,28.950001,29.129999,28.790001,29.01,26470200
20150730,29.1,29.450001,28.85,28.91,26582400
20150731,29.120001,29.120001,28.77,28.950001,27158800
20150803,29,29.35,28.9,29.049999,26213600
20150804,28.98,29.15,28.860001,29.129999,25741700
20150805,29.190001,29.389999,29.02,29.120001,23622700
20150806,29.16,29.23,28.85,29.01,27958200
20150807,28.799999,28.959999,28.690001,28.879999,25606100
20150810,29.07,29.68,29.059999,29.639999,22807400
20150811,29.469999,29.48,28.959999,28.969999,23434700
20150812,28.66,29.57,28.66,29.459999,33589100
20150813,29.4,29.450001,28.870001,28.870001,18821900
20150814,28.92,29.040001,28.82,29.02,14279000
20150817,28.83,29.200001,28.709999,29.08,15548300
20150818,28.950001,29.049999,28.799999,28.91,19182600
20150819,28.65,28.799999,28.280001,28.360001,30530100
20150820,28.030001,28.24,27.530001,27.530001,31936600
20150821,27.33,27.629999,26.559999,26.559999,52288400
20150824,25.200001,27.629999,24.870001,26.25,83234200
20150825,27.040001,27.15,25.870001,25.870001,59371900
20150826,26.51,27.34,26.08,27.299999,47386700
20150827,27.719999,27.91,27.01,27.719999,38649400
20150828,27.67,28.610001,27.450001,28.42,43452400
20150831,28.33,29.129999,28.16,28.540001,42197500
20150901,27.91,28.17,27.66,27.82,44144000
20150902,28.35,28.6,28.139999,28.6,34618800
20150903,28.799999,29.42,28.690001,29.08,38665900
20150904,28.57,28.9,28.41,28.52,29116500
20150908,28.98,29.5,28.950001,29.5,27805000
20150909,29.719999,30.120001,29.17,29.24,30669900
20150910,29.18,29.66,28.9,29.27,25195800
20150911,29.08,29.52,29.040001,29.469999,21786900
20150914,29.469999,29.530001,29.09,29.389999,24065100
20150915,29.559999,29.940001,29.48,29.73,29399900
20150916,29.620001,29.790001,29.4,29.77,25957800
20150917,29.620001,30.200001,29.549999,29.709999,29805200
20150918,29.219999,29.42,28.809999,29.02,60138700
20150921,29.09,29.34,28.940001,29.16,24417100
20150922,28.67,28.9,28.48,28.67,28576200
20150923,29.02,29.09,28.59,28.74,25984000
20150924,28.379999,28.67,27.870001,28.48,32754700
20150925,28.940001,29.120001,28.629999,28.809999,29192300
20150928,28.68,29.360001,28.639999,28.76,42291000
20150929,28.83,29.35,28.76,29.24,34169600
20150930,29.559999,30.32,29.540001,30.139999,40840800
20151001,30.209999,30.280001,29.459999,30,29832800
20151002,29.67,30.530001,29.530001,30.51,27901500
20151005,30.73,31.379999,30.559999,31.209999,34842500
20151006,31.16,31.85,31.110001,31.74,34899800
20151007,32,32.419998,31.719999,32.32,36930100
20151008,32.23,32.599998,31.98,32.52,27794600
20151009,32.369999,32.549999,31.940001,32.139999,24209900
20151012,32.16,32.32,32,32.209999,18795000
20151013,32.029999,32.48,31.98,32.040001,35588600
20151014,31.389999,32.93,30.85,32.799999,75954800
20151015,32.84,33.060001,32.459999,32.75,37634800
20151016,32.75,33.200001,32.48,33.040001,29371300
20151019,32.880001,33.619999,32.869999,33.59,37624000
20151020,33.400002,33.700001,33.310001,33.439999,24301000
20151021,33.669998,34.049999,33.32,33.369999,31928800
20151022,33.700001,34.5,33.59,34.400002,39572600
20151023,34.540001,35.029999,34.400002,34.900002,42796600
20151026,34.77,34.959999,34.549999,34.59,22646900
20151027,34.41,34.549999,34.310001,34.470001,22630100
20151028,34.470001,34.709999,34.119999,34.709999,21908400
20151029,34.200001,34.290001,33.77,34.029999,21224200
20151030,34.099998,34.290001,33.860001,33.860001,24693900
20151102,33.73,34.279999,33.639999,34.110001,21743100
20151103,34,34.41,33.98,34.310001,18167000
20151104,34.27,34.27,33.900002,34.150002,20734800
20151105,34.099998,34.200001,33.73,34,16486100
20151106,33.93,33.970001,33.41,33.84,23701700
20151109,33.599998,33.830002,33.080002,33.349998,24168700
20151110,33.169998,33.27,32.810001,33.209999,22451700
20151111,33.16,33.380001,32.799999,32.860001,19864700
20151112,32.709999,32.919998,32.389999,32.400002,23265400
20151113,32.27,32.380001,31.959999,32.110001,23673200
20151116,32.09,32.259998,31.93,32.099998,29899700
20151117,32.150002,32.880001,32.009998,32.639999,22636400
20151118,32.73,33.240002,32.619999,33.16,18619800
20151119,33.220001,34.73,33.130001,34.299999,45381600
20151120,34.48,35.290001,34.48,34.66,41137700
20151123,34.66,34.849998,34.41,34.48,20152900
20151124,34.330002,34.439999,33.900002,34.360001,21413500
20151125,34.259998,34.740002,34.139999,34.450001,17939400
20151127,34.540001,34.68,34.400002,34.459999,6620900
20151130,34.549999,34.900002,34.43,34.77,21785800
20151201,35,35.200001,34.709999,35.09,23560200
20151202,35.09,35.41,34.810001,34.830002,18688200
20151203,34.970001,34.990002,34,34.040001,30131100
20151204,34.110001,35.029999,34,34.939999,24901000
20151207,34.790001,35.169998,34.75,34.990002,17731900
20151208,34.669998,34.950001,34.419998,34.75,13380200
20151209,34.880001,35.220001,34.509998,34.810001,22548300
20151210,34.849998,35.07,34.66,34.77,17350500
20151211,34.310001,34.650002,34.200001,34.27,21251400
20151214,34.380001,34.48,33.880001,34.470001,19357100
20151215,34.650002,35.349998,34.639999,35.18,24365900
20151216,35.360001,35.470001,34.77,35.299999,23257900
20151217,35.32,35.369999,34.759998,34.91,24963600
20151218,34.73,34.75,33.860001,33.869999,41336600
20151221,34.110001,34.299999,33.82,34.240002,18006800
20151222,34.360001,34.779999,34.27,34.73,17915600
20151223,34.950001,35.049999,34.779999,35,12526500
20151224,35.07,35.259998,34.959999,34.98,5893800
20151228,34.950001,35,34.57,34.93,9442300
20151229,35.009998,35.59,35.009998,35.439999,14188600
20151230,35.380001,35.450001,34.950001,34.990002,11566800
20151231,34.82,34.959999,34.439999,34.450001,14736700
20160104,33.880001,34.009998,33.459999,33.990002,27882200
20160105,33.959999,34,33.529999,33.830002,16709500
20160106,33.25,33.52,32.799999,33.080002,25491300
20160107,32.279999,33.009998,31.84,31.84,37680500
20160108,32.09,32.220001,31.43,31.51,29953800
20160111,31.809999,32.220001,31.68,32.060001,27594200
20160112,32.759998,32.889999,32.27,32.68,28587700
20160113,32.759998,32.93,31.83,31.91,34445700
20160114,31.969999,32.869999,31.799999,32.740002,48728200
20160115,29.73,30.5,29.450001,29.76,76373900
20160119,29.98,30.059999,29.48,29.799999,28878100
20160120,29.35,29.870001,29.209999,29.59,39598200
20160121,29.65,30.030001,29.24,29.66,30157400
20160122,30.120001,30.24,29.51,29.93,25326500
20160125,29.99,30.219999,29.57,29.6,26441000
20160126,29.610001,30.049999,29.610001,29.940001,24689800
20160127,29.879999,30.219999,29.639999,29.809999,26384100
20160128,30.02,30.18,29.75,29.969999,22028100
20160129,30.209999,31.030001,30.1,31.02,38311400
20160201,30.719999,31.120001,30.639999,30.82,19015100
20160202,30.450001,30.49,29.629999,29.799999,24994300
20160203,29.719999,29.719999,28.52,29.34,44660100
20160204,29.139999,29.879999,29.110001,29.77,29109700
20160205,29.58,29.76,28.91,29.040001,27957500
20160208,28.74,28.98,28.299999,28.82,28725900
20160209,28.49,29.15,28.41,28.809999,22710600
20160210,28.879999,29,28.190001,28.23,27267800
20160211,27.83,28.41,27.68,28.219999,28450200
20160212,28.57,28.700001,28.139999,28.639999,19699000
20160216,28.75,28.950001,28.360001,28.780001,30705200
20160217,28.860001,29.620001,28.73,29.469999,27691700
20160218,29.530001,29.76,29.379999,29.42,20623300
20160219,29.200001,29.33,28.709999,28.709999,42056700
20160222,29.110001,29.540001,29,29.35,23893100
20160223,29.299999,29.35,28.6,28.799999,26638200
20160224,28.52,29.299999,28.379999,29.190001,21593600
20160225,29.32,29.620001,28.950001,29.620001,17311000
20160226,29.879999,30.08,29.700001,29.799999,19902200
20160229,29.719999,30.139999,29.58,29.59,22903100
20160301,29.93,30.530001,29.75,30.370001,25502600
20160302,30.299999,30.870001,30.120001,30.540001,23779800
20160303,31.129999,31.35,30.540001,30.58,25608800
20160304,30.5,30.860001,30.049999,30.629999,20356800
20160307,30.59,31.120001,30.5,30.940001,18858200
20160308,30.83,30.879999,30.379999,30.559999,19104900
20160309,30.83,31.040001,30.67,30.870001,14707800
20160310,31.139999,31.4,30.379999,31.25,29434600
20160311,31.67,31.790001,31.530001,31.76,22811200
20160314,31.66,31.690001,31.299999,31.43,17438600
20160315,31.34,31.65,31.059999,31.65,16927700
20160316,31.49,31.799999,31.17,31.690001,26298400
20160317,31.76,32.169998,31.700001,31.98,22865300
20160318,32.16,32.689999,32.060001,32.68,49934200
20160321,32.23,32.419998,31.950001,32.34,21760900
20160322,32.16,32.459999,31.950001,32.32,22200400
20160323,32.470001,32.470001,31.98,32,18765300
20160324,31.870001,31.950001,31.700001,31.879999,14211900
20160328,31.870001,32,31.620001,31.9,11433000
20160329,31.93,32.439999,31.73,32.380001,15178600
20160330,32.450001,32.75,32.290001,32.709999,16598000
20160331,32.529999,32.66,32.32,32.349998,17880000
20160401,32.27,32.470001,32.099998,32.450001,18049700
20160404,32.200001,32.380001,31.74,32,21581600
20160405,31.889999,32.119999,31.719999,31.9,20080000
20160406,31.969999,32.23,31.77,32.080002,15501100
20160407,31.889999,31.9,31.35,31.549999,23738200
20160408,31.76,32.02,31.48,31.629999,17031900
20160411,31.9,32.34,31.66,31.67,19707700
20160412,31.879999,31.940001,31.379999,31.860001,16647800
20160413,31.969999,32.18,31.950001,32.130001,19968100
20160414,31.780001,31.889999,31.549999,31.799999,21541600
20160415,31.790001,31.889999,31.379999,31.459999,28782800
20160418,31.43,31.719999,31.379999,31.65,21516600
20160419,31.700001,31.809999,31.4,31.6,33619300
20160420,31.32,32.259998,31.25,32,57629800
20160421,31.940001,32.060001,31.809999,31.969999,28431400
20160422,31.74,31.860001,31.219999,31.639999,29625600
20160425,31.360001,31.5,31.200001,31.389999,19315700
20160426,31.389999,31.700001,31.17,31.4,20976400
20160427,31.25,31.799999,31.190001,31.75,20006200
20160428,31.450001,31.709999,31.030001,31.110001,25146400
20160429,30.860001,30.870001,30.1,30.280001,36443700
20160502,30.450001,30.690001,30.360001,30.610001,21086600
20160503,30.41,30.559999,30.09,30.360001,27111100
20160504,30.17,30.209999,29.700001,29.85,23278800
20160505,29.870001,30.02,29.75,29.9,23393300
20160506,29.610001,30.110001,29.52,30.040001,19632200
20160509,30.08,30.17,29.76,29.799999,16888300
20160510,30,30.18,29.82,30.139999,16963100
20160511,30.16,30.25,29.969999,30.059999,15754200
20160512,30.110001,30.24,29.57,29.76,20826700
20160513,29.860001,30.200001,29.84,29.91,19999600
20160516,29.9,30.559999,29.879999,30.389999,21826100
20160517,30.57,30.57,29.860001,29.98,25709900
20160518,30.030001,30.25,29.780001,29.99,22469900
20160519,29.77,29.93,29.5,29.629999,21740900
20160520,29.73,30.379999,29.700001,30.15,22777300
20160523,30.23,30.48,30.129999,30.23,20809300
20160524,30.5,31.120001,30.450001,31.059999,23699200
20160525,31.200001,31.57,31.15,31.389999,18359600
20160526,31.49,31.629999,31.4,31.49,12658000
20160527,31.6,31.65,31.450001,31.57,13341300
20160531,31.51,31.65,31.309999,31.59,23040200
20160601,31.620001,31.719999,31.469999,31.66,17753500
20160602,31.559999,31.76,31.450001,31.76,13915400
20160603,31.74,31.74,31.4,31.620001,15777500
20160606,31.639999,31.82,31.58,31.68,15139600
20160607,31.75,32.02,31.700001,31.879999,19339100
20160608,31.799999,32,31.790001,31.889999,12732100
20160609,31.68,32,31.68,31.940001,11276800
20160610,31.700001,32.240002,31.65,32.040001,35749100
20160613,32.049999,32.5,32.040001,32.169998,23004800
20160614,32.009998,32.240002,31.790001,32.139999,18754300
20160615,32.25,32.259998,31.59,31.610001,23783300
20160616,31.440001,31.77,31.219999,31.690001,18547900
20160617,31.73,31.809999,31.469999,31.76,27047900
20160620,32.07,32.439999,32.009998,32.169998,21961600
20160621,32.259998,32.380001,32.09,32.32,15476500
20160622,32.299999,32.630001,32.25,32.290001,18304800
20160623,32.580002,33,32.5,32.990002,22048800
20160624,31.799999,32.32,31.4,31.549999,38094300
20160627,31.41,31.41,30.440001,30.719999,34965100
20160628,30.969999,31.200001,30.809999,31.190001,23693900
20160629,31.35,31.98,31.309999,31.93,22771100
20160630,32,32.880001,31.969999,32.799999,34528900
20160701,32.639999,32.889999,32.470001,32.75,17084600
20160705,32.5,32.73,32.459999,32.68,20107200
20160706,32.799999,33,32.380001,32.970001,21070200
20160707,32.959999,33.549999,32.959999,33.200001,26027100
20160708,33.650002,34,33.5,34,23341900
20160711,34.040001,34.5,34.040001,34.380001,23820700
20160712,34.509998,34.970001,34.48,34.939999,28064100
20160713,35.040001,35.25,34.880001,35.009998,29120900
20160714,35.130001,35.299999,34.959999,35.200001,25296400
20160715,35.259998,35.290001,34.900002,35.07,23661900
20160718,35.18,35.200001,34.950001,35.049999,19347200
20160719,34.889999,35.16,34.849998,35.150002,20395400
20160720,35.299999,35.93,35.060001,35.689999,42994200
20160721,34.330002,34.490002,33.860001,34.27,63708600
20160722,34.380001,34.700001,34.259998,34.66,33033700
20160725,34.619999,34.759998,34.57,34.689999,20277700
20160726,34.75,35.23,34.700001,35.09,29644400
20160727,35,35.279999,34.630001,34.830002,22742200
20160728,34.830002,34.830002,34.52,34.77,21667400
20160729,34.77,34.919998,34.599998,34.860001,18171200
20160801,34.82,34.91,34.560001,34.849998,18824400
20160802,34.810001,34.869999,34.330002,34.560001,20057300
20160803,34.099998,34.279999,33.990002,34.25,18388800
20160804,34.290001,34.619999,34.220001,34.580002,15131200
20160805,34.799999,35.130001,34.700001,34.98,20046200
20160808,34.900002,35.169998,34.860001,35.040001,19497300
20160809,35.040001,35.16,34.84,34.919998,12578900
20160810,35,35,34.5,34.529999,19579000
20160811,34.66,34.740002,34.490002,34.68,16329500
20160812,34.52,34.759998,34.439999,34.57,15708300
20160815,34.700001,35.16,34.630001,34.91,18931100
20160816,34.77,35.209999,34.77,35.209999,16320900
20160817,35.169998,35.209999,34.77,35.02,18221600
20160818,34.959999,35.09,34.75,34.970001,16085200
20160819,34.84,35.27,34.740002,35.240002,16417600
20160822,35.200001,35.450001,35.119999,35.360001,14941400
20160823,35.5,35.689999,35.299999,35.400002,18316000
20160824,35.32,35.41,35.02,35.150002,16343500
20160825,35.049999,35.220001,34.900002,35.09,12428000
20160826,35.110001,35.580002,35.049999,35.259998,14469900
20160829,35.48,35.669998,35.150002,35.549999,14965300
20160830,35.59,35.740002,35.52,35.700001,15183200
20160831,35.619999,35.900002,35.580002,35.889999,20562700
20160901,35.990002,36.040001,35.580002,36.02,18925800
20160902,36.209999,36.330002,35.950001,36.080002,16726700
20160906,36.380001,36.599998,36.169998,36.57,22337800
20160907,36.650002,36.650002,36.380001,36.459999,18495600
20160908,36.349998,36.59,36.119999,36.439999,20212800
20160909,36.099998,36.389999,35.439999,35.439999,29457900
20160912,35.189999,36.119999,35.060001,36.080002,22796600
20160913,35.75,35.880001,35.32,35.610001,23591300
20160914,35.509998,35.82,35.400002,35.619999,14074500
20160915,35.740002,36.650002,35.540001,36.560001,23736000
20160916,37.720001,38.049999,37.25,37.669998,74577900
20160919,37.689999,38.02,37.09,37.16,30457400
20160920,37.419998,37.43,36.939999,37.139999,24796900
20160921,37.209999,37.459999,36.860001,37.450001,21233700
20160922,37.599998,37.830002,37.439999,37.549999,17013400
20160923,37.450001,37.650002,37.119999,37.189999,18062500
20160926,36.919998,36.939999,36.599998,36.650002,25518800
20160927,36.900002,37.220001,36.630001,37.18,22391600
20160928,37.310001,37.5,37.150002,37.439999,19020800
20160929,37.490002,37.529999,37,37.32,17675000
20160930,37.470001,37.919998,37.439999,37.75,24279300
20161003,37.689999,37.950001,37.529999,37.66,14113600
20161004,37.77,37.939999,37.330002,37.540001,14393100
20161005,37.75,38.310001,37.639999,37.990002,22420800
20161006,37.84,38.16,37.580002,38.07,15171400
20161007,38.080002,38.220001,37.779999,38.099998,16942500
20161010,38.25,38.360001,37.900002,38.02,14874300
20161011,37.91,38,36.82,37.27,27650500
20161012,37.200001,37.25,36.810001,37.130001,14053900
20161013,36.849998,37.130001,36.459999,36.970001,16936000
20161014,37.189999,37.700001,37.16,37.450001,19123900
20161017,37.549999,37.720001,37.240002,37.290001,15788100
20161018,37.970001,38.049999,37.529999,37.75,37784600
20161019,36.07,36.09,35.23,35.509998,75229000
20161020,35.41,35.669998,35.099998,35.43,25669500
20161021,35.209999,35.400002,34.810001,35.150002,20813200
20161024,35.43,35.490002,35.110001,35.259998,21524700
20161025,35.139999,35.25,35.009998,35.099998,17860300
20161026,35.040001,35.209999,34.740002,34.919998,19977600
20161027,35.099998,35.23,34.75,34.810001,14634700
20161028,34.869999,35.169998,34.709999,34.740002,22296400
20161031,34.919998,35.080002,34.84,34.869999,19188600
20161101,34.900002,35.16,34.27,34.52,25368200
20161102,34.599998,34.900002,34.470001,34.599998,21416400
20161103,34.450001,34.52,33.869999,33.93,19400000
20161104,33.529999,33.93,33.419998,33.610001,21914700
20161107,34.240002,34.75,34.150002,34.689999,19296600
20161108,34.599998,34.950001,34.490002,34.740002,14789000
20161109,34.130001,34.849998,33.669998,34.75,25999400
20161110,34.950001,34.950001,34.029999,34.5,28249900
20161111,34.57,34.869999,34.34,34.610001,22665000
20161114,34.560001,34.73,34.200001,34.48,22529400
20161115,34.639999,35.290001,34.610001,34.91,20676100
20161116,34.900002,34.919998,34.540001,34.84,18535200
20161117,34.810001,35.02,34.630001,35.02,15748500
20161118,34.900002,35,34.639999,34.950001,16806900
20161121,35.099998,35.200001,34.84,34.98,14259500
20161122,35.18,35.5,35.110001,35.48,22327400
20161123,35.48,35.52,35.099998,35.200001,15843100
20161125,35.110001,35.450001,35.110001,35.439999,6372800
20161128,35.43,35.66,35.209999,35.509998,13549000
20161129,35.639999,35.639999,35.27,35.310001,19581000
20161130,35.200001,35.299999,34.700001,34.700001,27016100
20161201,34.860001,34.93,33.560001,33.759998,29618700
20161202,33.720001,34.259998,33.599998,34.16,21492500
20161205,34.310001,34.419998,33.970001,34.389999,14462000
20161206,34.389999,34.75,34.299999,34.720001,15297700
20161207,34.669998,35.57,34.450001,35.5,21710300
20161208,35.48,36.029999,35.220001,35.700001,19966500
20161209,35.75,35.900002,35.59,35.759998,16326900
20161212,35.779999,36.09,35.669998,35.970001,21985800
20161213,36.009998,36.889999,35.93,36.799999,35773600
20161214,36.700001,36.889999,36.459999,36.549999,30819400
20161215,36.740002,37.16,36.529999,36.790001,23721500
20161216,36.720001,36.869999,36.09,36.310001,37794500
20161219,36.34,36.950001,36.27,36.889999,18744300
20161220,36.950001,37.240002,36.889999,37.209999,18551800
20161221,37.25,37.349998,36.91,36.98,14323600
20161222,37.23,37.240002,36.810001,36.93,10793900
20161223,36.93,36.98,36.77,36.970001,6286000
20161227,36.91,37.330002,36.91,37.07,9033700
20161228,37.099998,37.200001,36.580002,36.630001,12868600
20161229,36.509998,36.720001,36.43,36.66,8447300
20161230,36.790001,36.799999,36.200001,36.27,17468000
20170103,36.610001,36.93,36.27,36.599998,20196500
20170104,36.709999,36.77,36.34,36.41,15915700
20170105,36.450001,36.720001,36.310001,36.349998,13986000
20170106,36.59,36.68,36.189999,36.48,15114000
20170109,36.48,36.889999,36.48,36.610001,19449400
20170110,36.549999,36.93,36.529999,36.540001,15918800
20170111,36.509998,37,36.509998,36.950001,22398400
20170112,36.830002,36.830002,36.32,36.709999,20391900
20170113,36.709999,36.860001,36.619999,36.790001,15072200
20170117,36.669998,36.830002,36.59,36.799999,20163000
20170118,36.889999,37.009998,36.610001,36.759998,15382500
20170119,36.509998,36.91,36.509998,36.57,13654500
20170120,36.759998,37.029999,36.580002,36.939999,23950900
20170123,37.07,37.209999,36.549999,36.77,27752600
20170124,36.84,37.740002,36.810001,37.619999,35140900
20170125,37.869999,38,37.52,37.799999,32276400
20170126,37.82,37.919998,37.419998,37.560001,34144800
20170127,38,38.450001,37.810001,37.98,44368600
20170130,37.740002,37.84,37.330002,37.419998,23954700
20170131,37.220001,37.369999,36.639999,36.82,27059100
20170201,36.82,36.950001,36.02,36.52,28380600
20170202,36.259998,36.700001,36.200001,36.68,31916900
20170203,36.689999,36.82,36.450001,36.52,21038100
20170206,36.509998,36.509998,36.150002,36.27,21427000
20170207,36.450001,36.52,36.240002,36.349998,18581900
20170208,36.34,36.650002,36.139999,36.380001,20807400
20170209,36.5,36.5,35.400002,35.459999,47802700
20170210,35.259998,35.43,34.84,35.34,44106500
20170213,35.57,35.849998,35.34,35.799999,28180600
20170214,35.84,35.959999,35.529999,35.93,25725100
20170215,35.98,36.060001,35.669998,36.049999,18452200
20170216,36.18,36.560001,36.099998,36.41,21317500
20170217,36.32,36.48,36.099998,36.48,18909900
20170221,36.529999,36.650002,36.330002,36.52,20556000
20170222,36.34,36.400002,35.790001,36.07,29904400
20170223,36.240002,36.299999,35.900002,36.18,22775000
20170224,36.139999,36.529999,35.950001,36.529999,18617600
20170227,36.419998,36.68,36.27,36.509998,14065200
20170228,36.419998,36.459999,36,36.200001,24977000
20170301,35.849998,36.099998,35.439999,35.93,34085900
20170302,35.93,36.02,35.650002,35.91,23602100
20170303,35.939999,36.09,35.669998,35.900002,17538100
20170306,35.790001,35.799999,35.419998,35.57,24416700
20170307,35.540001,35.799999,35.389999,35.799999,23434900
20170308,35.669998,35.900002,35.529999,35.619999,20920100
20170309,35.599998,35.939999,35.5,35.82,23616800
20170310,36.119999,36.299999,35.779999,35.91,25402300
20170313,35.849998,36.040001,34.939999,35.16,53582900
20170314,35.060001,35.23,34.66,35.18,28586900
20170315,34.939999,35.169998,34.68,35.099998,27996100
20170316,35.169998,35.360001,35.07,35.139999,19616100
20170317,35.310001,35.330002,35.099998,35.27,30778900
20170320,35.369999,35.630001,35.259998,35.43,17322300
20170321,35.59,35.599998,35,35.040001,22814500
20170322,35.220001,35.459999,35,35.369999,19144500
20170323,35.490002,35.490002,35.02,35.27,20640400
20170324,35.650002,35.73,35.119999,35.16,22188000
20170327,35.07,35.5,34.939999,35.389999,16992200
20170328,35.34,35.709999,35.209999,35.599998,18398100
20170329,35.52,35.700001,35.439999,35.57,17202600
20170330,35.580002,35.889999,35.52,35.75,16433000
20170331,35.75,36.25,35.740002,36.07,21438400
20170403,36.189999,36.740002,36.119999,36.16,32013600
20170404,36.119999,36.380001,35.990002,36.279999,18918000
20170405,36.43,36.759998,36.169998,36.220001,22455500
20170406,36.130001,36.279999,36.029999,36.029999,20198200
20170407,36.07,36.32,35.990002,36.029999,15689500
20170410,36.02,36.09,35.610001,35.799999,19973700
20170411,35.77,35.790001,35.209999,35.740002,22711800
20170412,35.869999,36.009998,35.5,35.630001,19289800
20170413,35.549999,35.759998,35.25,35.25,15764000
20170417,35.439999,35.59,35.330002,35.48,12560700
20170418,35.43,35.810001,35.299999,35.77,12321100
20170419,35.970001,36.220001,35.889999,35.91,16594600
20170420,36.18,36.27,35.860001,36.18,22968300
20170421,36.200001,36.419998,35.849998,36.32,20390500
20170424,36.669998,36.849998,36.459999,36.75,26305800
20170425,36.77,37,36.66,36.869999,22066800
20170426,36.779999,37.23,36.779999,36.93,27241000
20170427,36.869999,37.5,36.779999,37.43,39890000
20170428,36.099998,36.490002,35.880001,36.150002,56617100
20170501,36.110001,36.400002,35.939999,36.310001,24825600
20170502,36.369999,37.029999,36.349998,36.970001,35813000
20170503,36.720001,37.169998,36.619999,36.98,22040300
20170504,36.990002,37.110001,36.639999,36.849998,16437100
20170505,36.860001,36.93,36.5,36.82,18119200
20170508,36.73,36.849998,36.48,36.540001,17660200
20170509,36.48,36.75,36.279999,36.369999,17819100
20170510,36.27,36.380001,35.93,36.009998,25133800
20170511,35.91,36,35.450001,35.689999,21508900
20170512,35.720001,35.740002,35.400002,35.529999,19730800
20170515,35.529999,35.720001,35.419998,35.630001,22120100
20170516,35.75,35.889999,35.419998,35.82,22291800
20170517,35.669998,35.990002,35.02,35.040001,26670200
20170518,35.189999,35.470001,35.080002,35.220001,17171900
20170519,35.150002,35.549999,35.130001,35.400002,18340100
20170522,35.48,36.110001,35.380001,35.77,14638100
20170523,35.869999,35.990002,35.560001,35.860001,16903700
20170524,35.98,36.18,35.889999,36.119999,20640600
20170525,36.119999,36.389999,36.060001,36.259998,13148500
20170526,36.259998,36.330002,36.130001,36.259998,11145500
20170530,36.27,36.439999,36.09,36.18,13026900
20170531,36.310001,36.380001,35.869999,36.110001,17741900
20170601,36.119999,36.130001,35.799999,36.119999,17510900
20170602,36.27,36.330002,36,36.32,19127400
20170605,36.299999,36.5,36.200001,36.34,11685700
20170606,36.16,36.450001,35.98,36.130001,18420900
20170607,36.130001,36.57,36.099998,36.259998,17192000
20170608,36.34,36.529999,36.16,36.48,16783400
20170609,36.5,36.560001,35.310001,35.709999,33322100
20170612,35.59,36.009998,35.41,35.73,28488300
20170613,35.68,35.950001,35.529999,35.880001,20588200
20170614,35.990002,36.049999,35.220001,35.529999,19149000
20170615,35.209999,35.48,35.139999,35.310001,20410000
20170616,35.279999,35.330002,35.009998,35.209999,30762800
20170619,35.610001,35.610001,35.32,35.509998,21583800
20170620,35.450001,35.450001,34.84,34.860001,21536500
20170621,34.330002,34.599998,34.09,34.580002,27138500
20170622,34.560001,34.630001,34.290001,34.360001,24602900
20170623,34.209999,34.549999,34.099998,34.189999,29260900
20170626,34.259998,34.509998,34.029999,34.07,18854800
20170627,34,34.150002,33.650002,33.650002,27078900
20170628,33.77,34.240002,33.740002,34.200001,25940100
20170629,33.919998,34.099998,33.34,33.540001,25215700
20170630,33.869999,33.93,33.529999,33.740002,24432000
20170703,33.509998,34.029999,33.43,33.459999,12676900
20170705,33.52,34.43,33.490002,34.34,30010800
20170706,34.119999,34.290001,33.560001,33.630001,20733200
20170707,33.700001,34.119999,33.700001,33.880001,18304500
20170710,33.25,33.740002,33.23,33.650002,29918400
20170711,33.639999,33.93,33.43,33.919998,25737500
20170712,34.279999,34.389999,33.939999,34.25,23768300
20170713,34.330002,34.400002,34.119999,34.240002,15046200
20170714,34.48,34.709999,34.27,34.68,16316400
20170717,34.740002,34.740002,34.360001,34.470001,21044400
20170718,34.43,34.580002,34.25,34.529999,14362800
20170719,34.68,34.68,34.459999,34.560001,17036200
20170720,34.540001,34.84,34.48,34.75,17506200
20170721,34.540001,34.82,34.400002,34.73,22245000
20170724,34.73,34.799999,34.380001,34.5,16146300
20170725,34.549999,34.740002,34.400002,34.669998,18096700
20170726,34.700001,34.970001,34.59,34.75,15499300
20170727,34.779999,35.25,34.669998,34.970001,43062800
20170728,35.130001,35.860001,35,35.310001,36291500
20170731,35.470001,35.740002,35.32,35.470001,27057000
20170801,35.66,36.43,35.57,36.349998,38710200
20170802,36.330002,36.669998,36.060001,36.639999,35004300
20170803,36.549999,36.59,36.150002,36.490002,26611300
20170804,36.450001,36.560001,36.099998,36.299999,20520300
20170807,36.389999,36.549999,36.220001,36.43,18169300
20170808,36.369999,36.700001,36.299999,36.41,22819900
20170809,36.279999,36.66,36.02,36.59,22796800
20170810,36.400002,36.560001,36.110001,36.139999,22693300
20170811,36.259998,36.400002,35.790001,35.869999,19275100
20170814,36.119999,36.470001,36.080002,36.34,18094200
20170815,36.299999,36.32,35.82,36,21706600
20170816,35.98,36.07,35.560001,35.810001,22014000
20170817,35.599998,35.68,35.169998,35.169998,19525000
20170818,35.290001,35.310001,34.990002,35.009998,16231400
20170821,35.09,35.279999,34.700001,34.919998,26493300
20170822,35.02,35.189999,34.619999,34.650002,26097800
20170823,34.540001,34.810001,34.380001,34.66,19648100
20170824,34.700001,34.889999,34.549999,34.709999,14301900
20170825,34.82,34.93,34.580002,34.669998,14726800
20170828,34.779999,34.799999,34.59,34.650002,20712900
20170829,34.509998,34.75,34.459999,34.73,15843700
20170830,34.75,34.959999,34.630001,34.889999,18565000
20170831,34.939999,35.18,34.869999,35.07,16366800
20170901,35.240002,35.389999,35.07,35.09,12822000
20170905,35.02,35.330002,34.93,35.02,18772000
20170906,35.220001,35.939999,35.110001,35.759998,28076400
20170907,35.880001,35.950001,35.330002,35.540001,16297100
20170908,35.419998,35.540001,35.080002,35.189999,14125000
20170911,35.490002,36,35.139999,35.77,20037600
20170912,35.880001,36.34,35.740002,36.09,19489900
20170913,36,36.400002,35.970001,36.330002,15509800
20170914,36.189999,36.700001,36.16,36.48,18093900
20170915,36.549999,37.080002,36.220001,37,33596100
20170918,37,37.330002,36.799999,37,19393800
20170919,37.200001,37.299999,37.02,37.23,23850500
20170920,37.23,37.290001,36.66,37.07,23957500
20170921,36.990002,37.27,36.849998,37.200001,22954200
20170922,36.950001,37.220001,36.950001,37.18,21631800
20170925,37.049999,37.23,36.849998,37.16,23180800
20170926,37.209999,37.639999,37,37.470001,29790400
20170927,37.619999,37.689999,37.099998,37.540001,25981400
20170928,37.32,37.880001,37.290001,37.830002,21171400
20170929,37.84,38.150002,37.700001,38.080002,23217300
20171002,38.119999,39.09,38.080002,39.040001,37394500
20171003,38.950001,39.700001,38.950001,39.380001,34002200
20171004,39.389999,39.400002,38.860001,39.34,28368800
20171005,39.5,39.650002,39.209999,39.529999,17710300
20171006,39.599998,39.889999,39.419998,39.630001,18887500
20171009,39.68,39.880001,39.52,39.860001,18494100
20171010,39.93,39.950001,39.380001,39.650002,29890000
20171011,39.48,39.669998,39.060001,39.299999,30754700
20171012,39.349998,39.389999,38.98,39.189999,18286900
20171013,39.439999,39.810001,39.279999,39.669998,16829400
20171016,39.709999,39.790001,39.439999,39.759998,12489100
20171017,39.560001,39.869999,39.369999,39.790001,15532800
20171018,39.799999,40.290001,39.599998,40.25,21424600
20171019,39.880001,40.330002,39.830002,40.09,19222700
20171020,40.330002,40.450001,40.099998,40.43,18335700
20171023,40.549999,41.040001,40.400002,40.830002,28647000
20171024,41,41.049999,40.720001,40.950001,19652400
20171025,40.889999,41.060001,40.490002,40.779999,24031700
20171026,40.91,41.580002,40.709999,41.349998,38247400
20171027,43.299999,45,43.099998,44.400002,90028300
20171030,44.48,45.189999,43.880001,44.369999,48161500
20171031,45.200001,45.799999,44.650002,45.490002,47000900
20171101,45.970001,46.709999,45.59,46.709999,47813700
20171102,46.610001,47.23,46.209999,47.099998,44602300
20171103,47.200001,47.299999,45.599998,46.34,39298100
20171106,46.599998,46.740002,46.09,46.700001,32137000
20171107,46.700001,47.09,46.389999,46.779999,24461400
20171108,46.619999,46.700001,46.279999,46.700001,21565800
20171109,46.049999,46.389999,45.650002,46.299999,25570400
20171110,46.040001,46.09,45.380001,45.580002,24095400
20171113,45.259998,45.939999,45.25,45.75,18999000
20171114,45.700001,45.919998,45.32,45.860001,22201200
20171115,45.389999,45.810001,45.169998,45.459999,17157200
20171116,45.630001,46.07,45.459999,45.650002,26439400
20171117,45.5,45.619999,44.619999,44.630001,63798000
20171120,44.73,45.119999,44.5,44.619999,22420000
20171121,44.720001,45.220001,44.709999,44.939999,21871000
20171122,44.939999,44.950001,44.540001,44.650002,19538300
20171124,44.549999,44.779999,44.43,44.75,6465800
20171127,44.419998,44.610001,44.27,44.490002,18202100
20171128,44.650002,44.84,44.32,44.73,20194100
20171129,44.849998,45.09,43.77,43.950001,27036900
20171130,44.360001,45.200001,44.330002,44.84,34145300
20171201,44.73,44.84,43.529999,44.68,26656300
20171204,45.02,45.299999,44.330002,44.490002,28000800
20171205,44.599998,44.900002,43.23,43.439999,30626900
20171206,43.139999,43.720001,42.669998,43.450001,27710800
20171207,43.459999,43.599998,42.779999,43.080002,32708400
20171208,43.349998,43.580002,43.110001,43.349998,23154700
20171211,43.279999,43.779999,43.25,43.66,20425900
20171212,43.470001,43.619999,43.080002,43.330002,16557400
20171213,43.650002,43.66,43.240002,43.34,21399500
20171214,43.43,43.57,43.02,43.259998,19644900
20171215,43.400002,44.84,43.07,44.560001,47477000
20171218,45.150002,46.349998,45.040001,46.259998,50369300
20171219,46.299999,47.259998,45.889999,47.040001,41421100
20171220,47.470001,47.639999,46.66,47.560001,40935000
20171221,47.540001,47.59,46.560001,46.759998,42963500
20171222,46.330002,47.02,46.02,46.700001,33913500
20171226,46.279999,46.470001,45.950001,46.080002,15533300
20171227,46.110001,46.360001,46,46.110001,13359700
20171228,46.360001,46.360001,45.950001,46.220001,9504400
20171229,46.209999,46.490002,46.09,46.16,17394500
20180102,46.380001,46.900002,46.209999,46.849998,23370800
20180103,45.470001,46.209999,43.650002,45.259998,116479000
20180104,43.52,44.650002,42.689999,44.43,89209100
20180105,44.43,45.150002,43.900002,44.740002,41824000
20180108,44.27,44.84,43.959999,44.740002,33733800
20180109,44.700001,44.84,43.490002,43.619999,44282300
20180110,43.330002,43.599998,42.439999,42.5,45735000
20180111,42.799999,43.580002,42.450001,43.41,35371500
20180112,43.450001,43.599998,43.009998,43.240002,29973600
20180116,43.549999,43.790001,42.889999,43.139999,38367200
20180117,43.549999,44.450001,43.509998,44.389999,30742400
20180118,44.400002,44.740002,44.169998,44.48,26826500
20180119,44.619999,44.889999,44.25,44.82,25780200
20180122,44.799999,45.790001,44.790001,45.75,27706800
20180123,45.810001,46.09,45.630001,46.060001,22135100
20180124,45.900002,46.130001,44.959999,45.509998,32464200
20180125,45.880001,46.369999,45.169998,45.299999,36758700
20180126,48.380001,50.150002,48.119999,50.080002,86916100
20180129,49.599998,50.849998,49.369999,49.98,46304000
20180130,49.48,50.060001,48.740002,48.790001,32814600
20180131,49.23,49.25,47.560001,48.139999,41619900
20180201,47.700001,48.470001,47.450001,47.650002,28840400
20180202,47.32,47.790001,46.099998,46.150002,28663000
20180205,46.349998,47.259998,44.5,44.52,47869000
20180206,44.02,44.93,43.029999,44.91,58145400
20180207,44.580002,46.299999,44.34,45.200001,37508400
20180208,45.279999,45.419998,42.740002,42.75,43151300
20180209,43.5,44.279999,42.040001,43.950001,49301100
20180212,44.150002,45.16,44.09,44.830002,28379500
20180213,44.59,44.779999,44.259998,44.459999,19517600
20180214,44.07,45.509998,44.040001,45.380001,19922000
20180215,45.880001,45.990002,44.950001,45.919998,23536800
20180216,45.82,46.59,45.509998,45.560001,21475200
20180220,45.459999,46.709999,45.389999,46.32,25512000
20180221,46.669998,47.060001,45.919998,45.939999,27527500
20180222,46.139999,46.560001,45.619999,45.799999,16946400
20180223,46.34,47.790001,46.310001,47.73,26040900
20180226,48.200001,49.130001,48.099998,49.110001,26992300
20180227,49.369999,50.900002,49.310001,49.91,43624100
20180228,50.18,50.34,49.279999,49.290001,35541200
20180301,49.5,49.720001,47.470001,47.84,36326600
20180302,47.200001,49.049999,46.959999,48.98,33310600
20180305,48.57,49.799999,48.040001,49.75,30826500
20180306,50.16,51.330002,50.150002,50.709999,39132300
20180307,50.18,51.490002,50.099998,51.32,31801900
20180308,51.790001,52.080002,50.470001,50.740002,29481200
20180309,51.27,52.299999,51,52.189999,32727900
20180312,51.860001,51.950001,50.5,51.52,32044400
20180313,52.52,53.779999,51.389999,51.779999,45573900
20180314,52.060001,52.18,51.310001,51.860001,24993500
20180315,52.23,52.299999,50.880001,50.880001,25631200
20180316,51.169998,51.700001,50.990002,51.169998,42559800
20180319,50.740002,51.23,49.93,50.830002,31115200
20180320,50.880001,51.810001,50.849998,51.549999,22215000
20180321,51.549999,52.169998,51.169998,51.560001,23239500
20180322,50.740002,51.959999,50.599998,50.830002,30916000
20180323,50.59,50.990002,49.360001,49.360001,37683900
20180326,50.740002,52.490002,50.32,52.48,39306200
20180327,53.009998,53.25,50.779999,51.189999,38777000
20180328,50.5,50.700001,49.009998,49.599998,37970900
20180329,49.98,52.080002,49.869999,52.080002,45265800
20180402,51.689999,52.040001,47.290001,48.919998,67187800
20180403,49,49.959999,48.41,49.75,39432400
20180404,48.099998,50.16,48.009998,49.990002,30370000
20180405,50.009998,50.720001,49.970001,50.380001,25115400
20180406,49.790001,50.400002,48.5,48.790001,28215200
20180409,49.16,51.110001,49.16,49.549999,31437000
20180410,51.119999,51.490002,50.34,51.27,25906400
20180411,50.990002,51.73,50.82,51.099998,17568400
20180412,51.490002,53.27,51.450001,52.720001,29781400
20180413,53.060001,53.209999,51.599998,51.860001,20884900
20180416,52.290001,52.529999,51.790001,52.400002,18855500
20180417,52.91,53.700001,52.889999,53.540001,21228700
20180418,53.52,54.360001,53.34,53.610001,22164700
20180419,52.950001,52.959999,51.610001,52.220001,25422400
20180420,52.169998,52.279999,50.880001,51.529999,26910100
20180423,51.689999,51.889999,50.849998,51.099998,21706700
20180424,51.869999,53.639999,51.139999,51.450001,42494700
20180425,51.860001,52.099998,50.599998,51.380001,25752800
20180426,52.259998,53.27,52.07,53.049999,39575000
20180427,55.439999,55.790001,52.23,52.73,69888100
20180430,52.560001,53.369999,51.209999,51.619999,36417400
20180501,51.639999,53.419998,51.439999,53.330002,27600800
20180502,53.09,53.200001,52.150002,52.310001,25778300
20180503,51.889999,52.560001,51.209999,52.279999,28561000
20180504,51.619999,52.84,51,52.779999,25642500
20180507,52.860001,53.580002,52.830002,53.330002,20285700
20180508,53.290001,53.630001,52.799999,53.630001,21026800
20180509,53.759998,54.369999,53.189999,54.34,19827500
20180510,54.549999,55,54.099998,54.98,18715900
20180511,54.619999,55.189999,54.43,54.669998,15405000
20180514,54.77,55.240002,54.740002,54.900002,21878200
20180515,54.580002,54.75,53.560001,53.919998,21712600
20180516,54.169998,54.700001,53.959999,54.639999,16260500
20180517,54.549999,55.439999,54.419998,54.810001,16872600
20180518,54.529999,54.540001,53.470001,53.5,23679900
20180521,54.360001,55.220001,53.860001,54.32,25367400
20180522,54.73,55.049999,54.049999,54.450001,19009600
20180523,54,55.23,53.84,55.209999,20496500
20180524,55.18,55.299999,54.130001,54.75,19667100
20180525,54.799999,55.5,54.540001,55.439999,18550000
20180529,55.119999,55.810001,54.810001,55.32,24253500
20180530,55.889999,56.200001,55.619999,55.68,24711500
20180531,55.669998,55.860001,55.060001,55.200001,30962100
20180601,55.84,57.099998,55.799999,57.080002,31183200
20180604,57.009998,57.599998,56.779999,56.830002,22538100
20180605,56.900002,57.119999,56.220001,56.529999,21687000
20180606,56.529999,57.060001,56.080002,57.029999,22955400
20180607,56.919998,57,55.619999,55.880001,27596100
20180608,55.560001,55.700001,54.66,55.049999,30822900
20180611,54.799999,55.09,54.259998,54.52,25752400
20180612,54.869999,55.029999,54.220001,54.82,23294900
20180613,54.98,55.700001,54.91,55.029999,22631400
20180614,55.450001,55.860001,55.18,55.540001,23419800
20180615,55.169998,55.380001,54.580002,55.110001,39194700
20180618,54.299999,54.299999,52.34,53.220001,40764400
20180619,52.139999,52.950001,51.880001,52.93,31780900
20180620,53.189999,53.75,52.689999,53.459999,21403000
20180621,54.380001,54.529999,51.939999,52.189999,44435600
20180622,52.619999,53.09,52.299999,52.5,34682100
20180625,51.169998,51.75,49.91,50.709999,45356500
20180626,49.950001,50.41,49.360001,49.669998,37543000
20180627,49.34,50.060001,48.75,48.759998,33338800
20180628,48.580002,49.490002,48.5,49.25,29055700
20180629,49.529999,50.110001,49.5,49.709999,28906500
20180702,49.040001,50.27,48.830002,50.200001,23755500
20180703,50.580002,50.860001,49.43,49.470001,16327900
20180705,49.98,50.959999,49.75,50.75,26163500
20180706,50.77,51.5,50.400002,51.369999,19968000
20180709,51.639999,51.889999,51,51.860001,21361600
20180710,52.099998,52.259998,51.84,52.16,17362900
20180711,51.689999,51.869999,51.189999,51.200001,18665600
20180712,52.049999,52.48,51.73,52.349998,20292700
20180713,52.400002,52.419998,51.759998,52.220001,13749300
20180716,52.150002,52.32,51.869999,52.009998,15951500
20180717,51.049999,51.880001,51.009998,51.75,15754500
20180718,51.869999,51.970001,51.470001,51.720001,14649000
20180719,51.599998,52.009998,51.049999,51.98,15954600
20180720,51.830002,52.07,51.330002,51.91,17380500
20180723,51.77,52.5,51.330002,52.310001,15945500
20180724,52.759998,53.299999,52.080002,52.18,17788700
20180725,52.209999,52.450001,51.09,52.43,19854800
20180726,52.450001,53.18,51.869999,52.16,28282500
20180727,48.759998,49.200001,47.48,47.68,67816700
20180730,47.630001,47.990002,46.43,47.689999,35696600
20180731,48.240002,48.68,47.689999,48.099998,36581200
20180801,48.060001,48.91,48,48.810001,28060700
20180802,48.5,49.52,48.200001,49.48,26452500
20180803,49.5,49.779999,49.169998,49.630001,22008200
20180806,48.77,49.310001,48.32,49.299999,26669000
20180807,49.43,49.830002,49.41,49.700001,28322700
20180808,49.599998,50.130001,49.439999,49.959999,21990600
20180809,49.860001,50.599998,49.720001,50.139999,23788200
20180810,48.509998,49.169998,48.299999,48.849998,28712400
20180813,48.919998,49.240002,48.380001,48.450001,17002700
20180814,48.669998,48.759998,47.650002,48.119999,23061600
20180815,47.779999,48,46.900002,47.459999,26739900
20180816,47.75,47.950001,47.049999,47.169998,24358000
20180817,47,47.389999,46.330002,47.099998,26382000
20180820,47.049999,47.119999,46.189999,46.5,24334000
20180821,46.66,47.849998,46.639999,47.619999,19254300
20180822,47.25,47.349998,46.919998,47.049999,23182500
20180823,46.860001,47.169998,46.709999,46.98,31343200
20180824,47.290001,47.889999,47.080002,47.66,18214700
20180827,48,48.389999,47.630001,48.349998,17170300
20180828,48.549999,48.790001,48.310001,48.57,13472400
20180829,48.700001,48.860001,48.400002,48.75,13479100
20180830,48.52,48.830002,48.09,48.240002,16418800
20180831,47.959999,48.560001,47.919998,48.43,16484000
20180904,48.380001,48.43,47.560001,47.959999,15682900
20180905,47.75,48.119999,47.470001,47.720001,20857200
20180906,47.759998,47.959999,47.209999,47.259998,19318100
20180907,46.91,47.48,46.360001,46.450001,25958300
20180910,46.560001,46.759998,46.23,46.299999,21522400
20180911,46,46.029999,44.889999,44.93,32455300
20180912,44.560001,44.98,44.060001,44.93,29778700
20180913,45.68,45.849998,45.110001,45.57,18657100
20180914,45.779999,45.970001,45.349998,45.540001,22998700
20180917,45.290001,45.900002,45.189999,45.419998,17603200
20180918,45.580002,46.529999,45.41,46.099998,20528100
20180919,46.09,46.439999,45.889999,46.150002,15918900
20180920,46.779999,47.360001,46.52,47.200001,21999300
20180921,47.119999,47.419998,46.369999,46.66,52650600
20180924,46.310001,47,46.150002,46.91,17847000
20180925,46.220001,46.389999,45.799999,45.91,23389900
20180926,46.040001,46.299999,45.580002,45.700001,23957700
20180927,45.91,46.169998,45.73,45.880001,15415500
20180928,45.619999,47.75,45.459999,47.290001,46223500
20181001,46.790001,47.220001,46.200001,46.450001,23796200
20181002,47.509998,48.880001,47.32,48.099998,42121100
20181003,48.619999,49.720001,48.560001,48.759998,39211900
20181004,48.84,48.860001,47.619999,48.130001,30108300
20181005,48.23,48.34,46.66,47.029999,28901400
20181008,46.959999,47.349998,46.52,47.029999,19376800
20181009,47.18,47.619999,46.540001,46.549999,23285700
20181010,46.060001,46.119999,44.799999,44.799999,43109500
20181011,45.150002,45.610001,43.73,44.23,43648800
20181012,45.27,45.34,44.23,44.880001,32087400
20181015,44.630001,45.139999,44.439999,44.529999,21633000
20181016,44.900002,46.009998,44.830002,45.939999,21472000
20181017,46,46.330002,45.540001,45.889999,23124400
20181018,45.650002,45.75,44.830002,44.970001,26638800
20181019,45.02,45.18,43.860001,44,28368500
20181022,44.5,45.34,44.099998,45.009998,34508800
20181023,44.18,45.09,43.91,44.5,38590300
20181024,44.16,44.360001,42.360001,42.419998,33631800
20181025,43.540001,44.939999,43.279999,44.310001,48255300
20181026,45.59,46.439999,44.700001,45.689999,67280400
20181029,46.5,46.75,44.439999,45.400002,35732200
20181030,45.529999,47.880001,45.459999,47.759998,43975200
20181031,48.290001,48.560001,46.830002,46.880001,33369100
20181101,46.950001,48.470001,46.860001,48.220001,28335300
20181102,48.130001,48.25,46.75,47.110001,30759800
20181105,47.34,48.25,46.919998,47.970001,23751200
20181106,47.799999,47.919998,47.029999,47.25,23839600
20181107,47.630001,48.75,47.59,48.720001,29913200
20181108,48.490002,49.290001,48.459999,48.990002,26581700
20181109,48.790001,49.029999,47.869999,48.110001,21761400
20181112,47.709999,47.799999,46.599998,46.650002,24412800
20181113,46.990002,48.25,46.990002,47.389999,29315900
20181114,47.849998,47.970001,46.889999,47.09,25632700
20181115,47.009998,48.240002,46.720001,48.110001,29581000
20181116,47.77,49.049999,47.689999,48.830002,31670600
20181119,48.610001,49.150002,47.779999,48,26859000
20181120,47.400002,48.119999,47.09,47.389999,29200800
20181121,47.849998,47.880001,47.02,47.029999,19011400
20181123,46.689999,47.07,46.52,46.540001,8906900
20181126,47.27,47.459999,46.700001,47.450001,20723000
20181127,46.939999,48.220001,46.59,48.07,27621000
20181128,47.939999,48.880001,47.650002,48.860001,28003200
20181129,48.490002,48.560001,47.630001,47.700001,23592500
20181130,47.950001,49.32,47.560001,49.310001,43313700
20181203,50,50.5,49.529999,50.130001,30870400
20181204,49.52,49.599998,47.68,47.75,35397700
20181206,46.799999,48.389999,46.52,48.369999,31661700
20181207,47.939999,48.060001,46.23,46.240002,34016400
20181210,46.279999,47.459999,46.009998,47.209999,23289000
20181211,47.900002,48.59,47.130001,47.380001,23851000
20181212,48.580002,48.639999,47.41,47.830002,31305000
20181213,48.259998,48.580002,47.860001,48.290001,19526000
20181214,47.889999,48.759998,47.849998,47.860001,26372100
20181217,47.860001,48.41,46.66,47.080002,26598700
20181218,47.470001,48.450001,47.360001,47.740002,29014300
20181219,47.490002,47.73,45.380001,45.57,39717600
20181220,45.41,46.310001,45.009998,45.540001,37750900
20181221,45.75,46.650002,44.799999,44.84,52768300
20181224,44.630001,45.169998,43.540001,43.59,19241600
20181226,44,46.200001,43.509998,46.189999,28677600
20181227,45.619999,46.380001,44.669998,46.360001,29970700
20181228,46.509998,47.740002,46.299999,46.75,24758700
20181231,47.09,47.48,46.549999,46.93,20490400
20190102,45.959999,47.470001,45.77,47.080002,18774600
20190103,46.150002,46.279999,44.389999,44.490002,32229300
20190104,45.84,47.57,45.540001,47.220001,35447300
20190107,47.099998,48,46.75,47.439999,22736800
20190108,47.799999,48.029999,46.779999,47.740002,22749200
20190109,47.959999,48.57,47.779999,48.009998,22554500
20190110,47.75,48.650002,47.41,48.560001,27202600
20190111,48.099998,49.290001,48.049999,48.93,21751300
20190114,48.459999,48.830002,48.299999,48.349998,19193900
20190115,48.709999,49.130001,48.439999,48.599998,22480800
20190116,48.599998,48.889999,48.080002,48.130001,19057700
20190117,48,48.84,47.91,48.470001,17448700
20190118,49.110001,49.380001,48.689999,49.189999,29874600
20190122,48.959999,48.98,47.869999,48.27,25940700
20190123,48.41,48.799999,47.52,47.939999,18960700
20190124,48.700001,50.040001,48.599998,49.759998,50578300
20190125,46.849998,47.43,45.75,47.040001,86455700
20190128,46.130001,46.73,46.049999,46.709999,35928700
20190129,46.779999,46.970001,46.330002,46.540001,20988300
20190130,46.68,47.68,46.450001,47.540001,26931700
20190131,46.700001,47.18,46.099998,47.119999,43051300
20190201,47.060001,49.049999,47.009998,48.73,37442900
20190204,48.619999,49.240002,48.240002,49.220001,20905000
20190205,49.18,50.720001,49.18,50.009998,31641600
20190206,49.950001,50.639999,49.82,49.900002,21647800
20190207,49.5,49.849998,48.68,49.23,27825900
20190208,48.77,49.02,48.009998,48.84,18851200
20190211,49.02,49.32,48.580002,48.77,18004100
20190212,49.360001,50.139999,49.27,50.009998,18050100
20190213,50.130001,50.810001,50,50.470001,17712800
20190214,50.41,51.040001,50.349998,50.810001,17545400
20190215,51.25,51.669998,51.09,51.66,22520400
20190219,51.349998,51.709999,51.34,51.400002,15611800
20190220,51.630001,51.73,51.060001,51.389999,21607700
20190221,51.32,51.84,51.209999,51.41,16162100
20190222,52.700001,52.98,52.060001,52.490002,31934100
20190225,53.060001,53.610001,52.860001,53.099998,20711800
20190226,53.009998,53.369999,52.91,53.23,16082200
20190227,52.759998,53.380001,52.509998,53.240002,17590300
20190228,52.919998,53.18,52.810001,52.959999,18388800
20190301,53.439999,53.68,52.889999,53.299999,18359300
20190304,53.75,54.099998,53.209999,53.939999,21706100
20190305,53.849998,53.990002,53.110001,53.68,21057700
20190306,53.630001,53.650002,52.939999,52.950001,14740500
20190307,52.77,52.990002,52.360001,52.599998,17803000
20190308,51.970001,52.560001,51.700001,52.48,16793900
20190311,52.880001,53.650002,52.57,53.349998,18963000
20190312,53.34,53.959999,53.18,53.57,20782100
20190313,54,54.57,53.650002,54.369999,25522300
20190314,54.299999,54.450001,53.330002,53.439999,26647100
20190315,53.68,54.689999,53.68,54.330002,46512500
20190318,54.419998,54.509998,53.869999,54.099998,16274000
20190319,54.470001,54.650002,54,54.169998,18274800
20190320,54.060001,54.400002,53.610001,53.82,24325300
20190321,53.919998,54.990002,53.84,54.639999,19127200
20190322,54.400002,54.619999,53.209999,53.259998,21438400
20190325,52.970001,53.549999,52.380001,52.779999,16971400
20190326,53.32,53.77,53.040001,53.439999,17724300
20190327,53.59,53.860001,52.939999,53.16,19656000
20190328,53.25,53.439999,52.77,53.110001,13607900
20190329,53.799999,54.040001,53.48,53.700001,18736100
20190401,54.34,54.57,54.099998,54.509998,17830400
20190402,54.529999,54.799999,54.23,54.360001,13704500
20190403,55.029999,55.990002,54.889999,55.48,24552800
20190404,55.27,56.139999,55.27,55.919998,16520500
20190405,55.75,55.950001,54.869999,55.599998,19268400
20190408,55.279999,55.740002,55.200001,55.68,11758800
20190409,55.349998,55.43,54.900002,55.32,13339700
20190410,55.32,55.860001,55.32,55.75,13084000
20190411,55.759998,56.07,55.630001,55.799999,10845800
20190412,56.209999,56.490002,55.84,56.419998,12910200
20190415,56.459999,56.560001,55.919998,56.279999,11676900
20190416,56.66,57.470001,56.07,56.709999,30301900
20190417,58.439999,59.59,58.119999,58.560001,38788400
20190418,58.709999,58.880001,58.119999,58.490002,20464200
20190422,58.150002,58.830002,57.880001,58.82,12327500
20190423,58.889999,58.98,58.5,58.779999,17739900
20190424,58.52,59.290001,58.139999,58.720001,17723700
20190425,58.299999,58.380001,57.23,57.610001,27949900
20190426,52.740002,53.09,51.52,52.43,72364500
20190429,52.169998,52.43,51,51.110001,38622000
